{
   "dashboards": [{
      "autoswitchEnabled": false,
      "columnCount": 1,
      "columnProportion": "1",
      "creationTime": 1543627678512,
      "dashboardNavigations": {},
      "description": "Shows the 2 Sites for side by side comparison.\n\nAuthor: e1@vmware.com",
      "disabled": false,
      "gridsterMaxColumns": 12,
      "hidden": true,
      "homeTab": false,
      "id": "66f01210-7ccf-40de-9c49-f4867bc6d983",
      "importAttempts": 0,
      "importComplete": true,
      "isDefault": false,
      "locked": false,
      "name": "Capacity & Utilization/vSAN Stretched Clusters",
      "namePath": "Capacity & Utilization",
      "rank": 127,
      "shared": false,
      "temporary": false,
      "userId": "1bc096ea-c9c1-4524-92c6-98d3bc6b7eb1",
      "widgetInteractions": [
         {
            "type": "resourceId",
            "widgetIdProvider": "cb8067f4-cfc6-43c8-9876-b001268ad62c",
            "widgetIdReceiver": "1cf8c07c-d5b9-45b3-861d-07d7dcb7c791"
         },
         {
            "type": "resourceId",
            "widgetIdProvider": "2e895fc2-8bc5-4335-94c0-b950ccb42e48",
            "widgetIdReceiver": "7bd9a1c3-f95b-467d-99bb-0b2f1430a2b1"
         },
         {
            "type": "resourceId",
            "widgetIdProvider": "cb8067f4-cfc6-43c8-9876-b001268ad62c",
            "widgetIdReceiver": "1cdce499-0267-46f5-bf7a-58e220ca68ea"
         },
         {
            "type": "resourceId",
            "widgetIdProvider": "2e895fc2-8bc5-4335-94c0-b950ccb42e48",
            "widgetIdReceiver": "eb9b8fbc-75f9-4170-bb56-518018958236"
         },
         {
            "type": "resourceId",
            "widgetIdProvider": "c48f5f0e-508d-40c6-a5da-0889bdb7ea47",
            "widgetIdReceiver": "cb8067f4-cfc6-43c8-9876-b001268ad62c"
         },
         {
            "type": "resourceId",
            "widgetIdProvider": "cb8067f4-cfc6-43c8-9876-b001268ad62c",
            "widgetIdReceiver": "7adcfcea-e76f-40c2-9d2b-f3af562a426c"
         },
         {
            "type": "resourceId",
            "widgetIdProvider": "c48f5f0e-508d-40c6-a5da-0889bdb7ea47",
            "widgetIdReceiver": "2e895fc2-8bc5-4335-94c0-b950ccb42e48"
         },
         {
            "type": "resourceId",
            "widgetIdProvider": "2e895fc2-8bc5-4335-94c0-b950ccb42e48",
            "widgetIdReceiver": "bf641350-6851-4a63-95d6-0d50544ac1ad"
         }
      ],
      "widgets": [
         {
            "collapsed": false,
            "config": {
               "chartViewItems": ["legend"],
               "resource": null,
               "selfProvider": {"selfProvider": false},
               "title": "Utilization (%)",
               "traversalSpecId": "vSAN and Storage Devices-VirtualAndPhysicalSANAdapter-VirtualSANDCCluster",
               "viewDefinitionId": "534e3b9d-b980-4a4d-a10f-e267a2d49553"
            },
            "gridsterCoords": {
               "h": 7,
               "w": 6,
               "x": 1,
               "y": 8
            },
            "height": 381,
            "id": "1cf8c07c-d5b9-45b3-861d-07d7dcb7c791",
            "states": [{
               "key": "perm_toolbarVisible_widget_66f01210-7ccf-40de-9c49-f4867bc6d983_1cf8c07c-d5b9-45b3-861d-07d7dcb7c791",
               "value": "b%3A0"
            }],
            "title": "Utilization (%)",
            "type": "View"
         },
         {
            "collapsed": false,
            "config": {
               "chartViewItems": [],
               "refreshContent": {"refreshContent": false},
               "refreshInterval": 300,
               "resource": null,
               "selectFirstRow": {"selectFirstRow": true},
               "selfProvider": {"selfProvider": false},
               "title": "Preferred Site",
               "traversalSpecId": "vSAN and Storage Devices-VirtualAndPhysicalSANAdapter-VirtualSANDCCluster",
               "viewDefinitionId": "80140ca1-3c17-4e1b-88f3-c67524b4d6a1"
            },
            "gridsterCoords": {
               "h": 3,
               "w": 6,
               "x": 1,
               "y": 5
            },
            "height": 153,
            "id": "cb8067f4-cfc6-43c8-9876-b001268ad62c",
            "title": "Preferred Site",
            "type": "View"
         },
         {
            "collapsed": false,
            "config": {
               "chartViewItems": [],
               "refreshContent": {"refreshContent": false},
               "refreshInterval": 300,
               "resource": null,
               "selectFirstRow": {"selectFirstRow": true},
               "selfProvider": {"selfProvider": false},
               "title": "Secondary Site",
               "traversalSpecId": "vSAN and Storage Devices-VirtualAndPhysicalSANAdapter-VirtualSANDCCluster",
               "viewDefinitionId": "a041666c-aa89-4068-bdd3-e1cdc08c3af4"
            },
            "gridsterCoords": {
               "h": 3,
               "w": 6,
               "x": 7,
               "y": 5
            },
            "height": 153,
            "id": "2e895fc2-8bc5-4335-94c0-b950ccb42e48",
            "title": "Secondary Site",
            "type": "View"
         },
         {
            "collapsed": false,
            "config": {
               "chartViewItems": ["legend"],
               "resource": null,
               "selfProvider": {"selfProvider": false},
               "title": "Utilization (%)",
               "traversalSpecId": "vSAN and Storage Devices-VirtualAndPhysicalSANAdapter-VirtualSANDCCluster",
               "viewDefinitionId": "534e3b9d-b980-4a4d-a10f-e267a2d49553"
            },
            "gridsterCoords": {
               "h": 7,
               "w": 6,
               "x": 7,
               "y": 8
            },
            "height": 381,
            "id": "7bd9a1c3-f95b-467d-99bb-0b2f1430a2b1",
            "states": [{
               "key": "perm_toolbarVisible_widget_66f01210-7ccf-40de-9c49-f4867bc6d983_7bd9a1c3-f95b-467d-99bb-0b2f1430a2b1",
               "value": "b%3A0"
            }],
            "title": "Utilization (%)",
            "type": "View"
         },
         {
            "collapsed": false,
            "config": {
               "boxColumns": 1,
               "boxHeight": null,
               "labelSize": 12,
               "maxCellCount": 100,
               "metric": {
                  "mode": "resourceKind",
                  "resourceKindMetrics": [
                     {
                        "colorMethod": 0,
                        "id": "extModel10036-1",
                        "isStringMetric": false,
                        "label": "CPU",
                        "link": "",
                        "metricKey": "OnlineCapacityAnalytics|cpu|demand|timeRemaining",
                        "metricName": "Capacity Analytics Generated|CPU|Demand|Time Remaining",
                        "metricUnitId": -1,
                        "orangeBound": 120,
                        "redBound": 60,
                        "resourceKindId": "resourceKind:id:0_::_",
                        "resourceKindName": "vSAN Fault Domain",
                        "unit": "Auto",
                        "yellowBound": 180
                     },
                     {
                        "colorMethod": 0,
                        "id": "extModel10036-3",
                        "isStringMetric": false,
                        "label": "RAM",
                        "link": "",
                        "metricKey": "OnlineCapacityAnalytics|mem|demand|timeRemaining",
                        "metricName": "Capacity Analytics Generated|Memory|Demand|Time Remaining",
                        "metricUnitId": -1,
                        "orangeBound": 120,
                        "redBound": 60,
                        "resourceKindId": "resourceKind:id:0_::_",
                        "resourceKindName": "vSAN Fault Domain",
                        "unit": "Auto",
                        "yellowBound": 180
                     },
                     {
                        "colorMethod": 0,
                        "id": "extModel10036-2",
                        "isStringMetric": false,
                        "label": "Disk",
                        "link": "",
                        "metricKey": "OnlineCapacityAnalytics|diskspace|demand|timeRemaining",
                        "metricName": "Capacity Analytics Generated|Disk Space|Demand|Time Remaining",
                        "metricUnitId": -1,
                        "orangeBound": 120,
                        "redBound": 60,
                        "resourceKindId": "resourceKind:id:0_::_",
                        "resourceKindName": "vSAN Fault Domain",
                        "unit": "Auto",
                        "yellowBound": 180
                     }
                  ],
                  "resourceMetrics": []
               },
               "mode": {"layoutMode": "fixedView"},
               "periodLength": null,
               "refreshContent": {"refreshContent": false},
               "refreshInterval": 300,
               "relationshipMode": 0,
               "resInteractionMode": null,
               "roundDecimals": 0,
               "selfProvider": {"selfProvider": false},
               "showDT": {"showDT": false},
               "showMetricName": {"showMetricName": true},
               "showMetricUnit": {"showMetricUnit": true},
               "showResourceName": {"showResourceName": false},
               "showSparkline": {"showSparkline": false},
               "title": "Time Remaining",
               "valueSize": 24,
               "visualTheme": 4
            },
            "gridsterCoords": {
               "h": 6,
               "w": 1,
               "x": 1,
               "y": 15
            },
            "height": 324,
            "id": "1cdce499-0267-46f5-bf7a-58e220ca68ea",
            "title": "Time Remaining",
            "type": "Scoreboard"
         },
         {
            "collapsed": false,
            "config": {
               "boxColumns": 1,
               "boxHeight": null,
               "labelSize": 12,
               "maxCellCount": 100,
               "metric": {
                  "mode": "resourceKind",
                  "resourceKindMetrics": [
                     {
                        "colorMethod": 0,
                        "id": "extModel2345-1",
                        "isStringMetric": false,
                        "label": "CPU",
                        "link": "",
                        "metricKey": "OnlineCapacityAnalytics|cpu|demand|timeRemaining",
                        "metricName": "Capacity Analytics Generated|CPU|Demand|Time Remaining",
                        "metricUnitId": -1,
                        "orangeBound": 120,
                        "redBound": 60,
                        "resourceKindId": "resourceKind:id:0_::_",
                        "resourceKindName": "vSAN Fault Domain",
                        "unit": "Auto",
                        "yellowBound": 180
                     },
                     {
                        "colorMethod": 0,
                        "id": "extModel2345-2",
                        "isStringMetric": false,
                        "label": "Disk",
                        "link": "",
                        "metricKey": "OnlineCapacityAnalytics|diskspace|demand|timeRemaining",
                        "metricName": "Capacity Analytics Generated|Disk Space|Demand|Time Remaining",
                        "metricUnitId": -1,
                        "orangeBound": 120,
                        "redBound": 60,
                        "resourceKindId": "resourceKind:id:0_::_",
                        "resourceKindName": "vSAN Fault Domain",
                        "unit": "Auto",
                        "yellowBound": 180
                     },
                     {
                        "colorMethod": 0,
                        "id": "extModel2345-3",
                        "isStringMetric": false,
                        "label": "RAM",
                        "link": "",
                        "metricKey": "OnlineCapacityAnalytics|mem|demand|timeRemaining",
                        "metricName": "Capacity Analytics Generated|Memory|Demand|Time Remaining",
                        "metricUnitId": -1,
                        "orangeBound": 120,
                        "redBound": 60,
                        "resourceKindId": "resourceKind:id:0_::_",
                        "resourceKindName": "vSAN Fault Domain",
                        "unit": "Auto",
                        "yellowBound": 180
                     }
                  ],
                  "resourceMetrics": []
               },
               "mode": {"layoutMode": "fixedView"},
               "periodLength": null,
               "refreshContent": {"refreshContent": false},
               "refreshInterval": 300,
               "relationshipMode": 0,
               "resInteractionMode": null,
               "roundDecimals": 0,
               "selfProvider": {"selfProvider": false},
               "showDT": {"showDT": false},
               "showMetricName": {"showMetricName": true},
               "showMetricUnit": {"showMetricUnit": true},
               "showResourceName": {"showResourceName": false},
               "showSparkline": {"showSparkline": false},
               "title": "Time Remaining",
               "valueSize": 24,
               "visualTheme": 4
            },
            "gridsterCoords": {
               "h": 6,
               "w": 1,
               "x": 7,
               "y": 15
            },
            "height": 324,
            "id": "eb9b8fbc-75f9-4170-bb56-518018958236",
            "title": "Time Remaining",
            "type": "Scoreboard"
         },
         {
            "collapsed": false,
            "config": {
               "chartViewItems": [],
               "refreshContent": {"refreshContent": false},
               "refreshInterval": 300,
               "resource": {
                  "adapterKindId": null,
                  "allowDrag": true,
                  "allowDrop": true,
                  "checked": null,
                  "children": null,
                  "cls": "",
                  "depth": 3,
                  "expandable": true,
                  "expanded": false,
                  "href": "",
                  "hrefTarget": "",
                  "icon": "",
                  "iconCls": "resknd_custom_virtualandphysicalsanadapter_vsanworld",
                  "iconSrc": "images/resknd/custom/16x16/VirtualAndPhysicalSANAdapter_vSAN World.png",
                  "id": "e29b7e53-a1e6-495c-bb7c-39cce8ca3ed0",
                  "index": 0,
                  "isFirst": true,
                  "isLast": true,
                  "leaf": true,
                  "loaded": false,
                  "loading": false,
                  "nodeType": "resource",
                  "parentId": "002028VirtualAndPhysicalSANAdaptervSAN World",
                  "qshowDelay": 0,
                  "qtip": "",
                  "qtitle": "",
                  "resourceId": "resource:id:0_::_",
                  "resourceKindId": "002028VirtualAndPhysicalSANAdaptervSAN World",
                  "resourceKindKey": "{adKind=VirtualAndPhysicalSANAdapter, resKind=vSAN World}",
                  "resourceKindName": "vSAN World",
                  "resourceKindType": "8",
                  "resourceName": "vSAN World",
                  "root": false,
                  "text": "vSAN World",
                  "traversalSpecId": "",
                  "uniqueId": "e29b7e53-a1e6-495c-bb7c-39cce8ca3ed0_1543153475612",
                  "visible": true
               },
               "selectFirstRow": {"selectFirstRow": false},
               "selfProvider": {"selfProvider": true},
               "title": "Stretched Clusters",
               "traversalSpecId": null,
               "viewDefinitionId": "206e7219-034e-42d7-8194-9d54760100ab"
            },
            "gridsterCoords": {
               "h": 4,
               "w": 12,
               "x": 1,
               "y": 1
            },
            "height": 210,
            "id": "c48f5f0e-508d-40c6-a5da-0889bdb7ea47",
            "title": "Stretched Clusters",
            "type": "View"
         },
         {
            "collapsed": false,
            "config": {
               "autoZoom": {"autoSize": false},
               "nodeSize": null,
               "refreshContent": {"refreshContent": false},
               "refreshInterval": 300,
               "resourceName": "",
               "selfProvider": {"selfProvider": false},
               "tagFilter": null,
               "title": "Relationship"
            },
            "gridsterCoords": {
               "h": 6,
               "w": 5,
               "x": 2,
               "y": 15
            },
            "height": 324,
            "id": "7adcfcea-e76f-40c2-9d2b-f3af562a426c",
            "states": [{
               "key": "permResourceRelationship_widget_66f01210-7ccf-40de-9c49-f4867bc6d983_7adcfcea-e76f-40c2-9d2b-f3af562a426c",
               "value": "o%3A"
            }],
            "title": "Relationship",
            "type": "ResourceRelationship"
         },
         {
            "collapsed": false,
            "config": {
               "autoZoom": {"autoSize": false},
               "nodeSize": null,
               "refreshContent": {"refreshContent": false},
               "refreshInterval": 300,
               "resourceName": "",
               "selfProvider": {"selfProvider": false},
               "tagFilter": null,
               "title": "Relationship"
            },
            "gridsterCoords": {
               "h": 6,
               "w": 5,
               "x": 8,
               "y": 15
            },
            "height": 324,
            "id": "bf641350-6851-4a63-95d6-0d50544ac1ad",
            "states": [{
               "key": "permResourceRelationship_widget_66f01210-7ccf-40de-9c49-f4867bc6d983_bf641350-6851-4a63-95d6-0d50544ac1ad",
               "value": "o%3A"
            }],
            "title": "Relationship",
            "type": "ResourceRelationship"
         }
      ]
   }],
   "entries": {
      "resource": [{
         "adapterKindKey": "VirtualAndPhysicalSANAdapter",
         "identifiers": [],
         "internalId": "resource:id:0_::_",
         "name": "vSAN World",
         "resourceKindKey": "vSAN World"
      }],
      "resourceKind": [{
         "adapterKindKey": "VirtualAndPhysicalSANAdapter",
         "internalId": "resourceKind:id:0_::_",
         "resourceKindKey": "VirtualSANFaultDomain"
      }]
   },
   "uuid": "a910eade-0182-45ac-a8d1-987cae2348c3"
}